{
"lengthUnit": "mil",
"remark": [],
"components": {
	"fields": ["COMPONENT_NO", "COMPONENT_NAME", "LAYER", "X_COORDINATE", "Y_COORDINATE", "ANGLE"],
	"rows": [
		[1, "AC_DC", "B", 1205, -285, 0],
		[2, "C1", "T", 720, -975, 180],
		[3, "C2", "T", 530, -980, 90],
		[4, "C3", "T", 1030, -765, 180],
		[5, "C4", "T", 920, -975, 90],
		[6, "D1", "B", 375, -1630, 90],
		[7, "DC1", "T", 770, -795, 180],
		[8, "F1", "B", 675, -940, 180],
		[9, "J1", "B", 635, -1890, 180],
		[10, "K1", "B", 220, -1085, 90],
		[11, "LED1", "T", 1705, -970, 90],
		[12, "Q1", "B", 605, -1585, 180],
		[13, "R1", "T", 1710, -1195, 0],
		[14, "R2", "B", 730, -1720, 180],
		[15, "R3", "B", 755, -1585, 90],
		[16, "U1", "B", 445, -410, 90],
		[17, "U2", "B", 1490, -1295, 90],
		[18, "U3", "T", 810, -1320, 225],
		[19, "U4", "T", 265, -990, 180],
		[20, "U5", "B", 1870, -680, 270],
		[21, "U6", "T", 1145, -1805, 135],
		[22, "PAD1", "T", 1495, -465, 0],
		[23, "PAD1", "B", 1495, -465, 0],
		[24, "PAD2", "T", 1640, -465, 0],
		[25, "PAD2", "B", 1640, -465, 0],
		[26, "PAD3", "T", 695, -120, 0],
		[27, "PAD3", "B", 695, -120, 0],
		[28, "PAD4", "T", 1510, -750, 0],
		[29, "PAD4", "B", 1510, -750, 0],
		[30, "PAD5", "T", 1980, -980, 0],
		[31, "PAD5", "B", 1980, -980, 0],
		[32, "PAD6", "T", 265.003, -1090.003, 0],
		[33, "PAD6", "B", 265.003, -1090.003, 0],
		[34, "PAD7", "T", 265.003, -1040.003, 0],
		[35, "PAD7", "B", 265.003, -1040.003, 0],
		[36, "PAD8", "T", 265.003, -990.003, 0],
		[37, "PAD8", "B", 265.003, -990.003, 0],
		[38, "PAD9", "T", 265.003, -940.003, 0],
		[39, "PAD9", "B", 265.003, -940.003, 0],
		[40, "PAD10", "T", 265.003, -890.003, 0],
		[41, "PAD10", "B", 265.003, -890.003, 0],
		[42, "PAD11", "T", 1870, -580, 0],
		[43, "PAD11", "B", 1870, -580, 0],
		[44, "PAD12", "T", 1870, -680, 0],
		[45, "PAD12", "B", 1870, -680, 0],
		[46, "PAD13", "T", 1870, -780, 0],
		[47, "PAD13", "B", 1870, -780, 0],
		[48, "PAD14", "T", 1629.21, -361.77, 0],
		[49, "PAD15", "T", 1497.33, -361.77, 0],
		[50, "PAD16", "T", 1497.33, -208.23, 0],
		[51, "PAD17", "T", 1629.21, -208.23, 0],
		[52, "PAD18", "T", 780.8, -361.77, 0],
		[53, "PAD19", "T", 780.79, -208.232, 0],
		[54, "PAD20", "T", 1005.21, -361.77, 0],
		[55, "PAD21", "T", 1005.2, -208.232, 0],
		[56, "PAD22", "T", 668.5794, -1178.5794, 0],
		[57, "PAD22", "B", 668.5794, -1178.5794, 0],
		[58, "PAD23", "T", 739.29, -1249.29, 0],
		[59, "PAD23", "B", 739.29, -1249.29, 0],
		[60, "PAD24", "T", 810.0007, -1320.0007, 0],
		[61, "PAD24", "B", 810.0007, -1320.0007, 0],
		[62, "PAD25", "T", 880.7114, -1390.7114, 0],
		[63, "PAD25", "B", 880.7114, -1390.7114, 0],
		[64, "PAD26", "T", 951.4221, -1461.4221, 0],
		[65, "PAD26", "B", 951.4221, -1461.4221, 0],
		[66, "PAD27", "T", 445, -606.848, 0],
		[67, "PAD27", "B", 445, -606.848, 0],
		[68, "PAD28", "T", 445, -409.998, 0],
		[69, "PAD28", "B", 445, -409.998, 0],
		[70, "PAD29", "T", 445, -213.152, 0],
		[71, "PAD29", "B", 445, -213.152, 0],
		[72, "PAD30", "B", 1540, -1610, 0],
		[73, "PAD31", "B", 1440, -1610, 0],
		[74, "PAD32", "B", 1340, -1610, 0],
		[75, "PAD33", "B", 1240, -1610, 0],
		[76, "PAD34", "B", 1140, -1610, 0],
		[77, "PAD35", "B", 1240, -980, 0],
		[78, "PAD36", "B", 1740, -980, 0],
		[79, "PAD37", "B", 1840, -980, 0],
		[80, "PAD38", "B", 375, -1529, 0],
		[81, "PAD39", "B", 375, -1731, 0],
		[82, "PAD40", "B", 555.8, -1584.998, 0],
		[83, "PAD41", "B", 654.2, -1622.398, 0],
		[84, "PAD42", "B", 654.2, -1547.598, 0],
		[85, "PAD43", "B", 755, -1555.34, 0],
		[86, "PAD44", "B", 755, -1614.66, 0],
		[87, "PAD45", "T", 735, -1890, 0],
		[88, "PAD45", "B", 735, -1890, 0],
		[89, "PAD46", "T", 635, -1890, 0],
		[90, "PAD46", "B", 635, -1890, 0],
		[91, "PAD47", "T", 535, -1890, 0],
		[92, "PAD47", "B", 535, -1890, 0],
		[93, "PAD48", "B", 700.34, -1720, 0],
		[94, "PAD49", "B", 759.66, -1720, 0],
		[95, "PAD50", "T", 1145, -1805, 0],
		[96, "PAD50", "B", 1145, -1805, 0],
		[97, "PAD51", "T", 1074.2893, -1734.2893, 0],
		[98, "PAD51", "B", 1074.2893, -1734.2893, 0],
		[99, "PAD52", "T", 1286.4214, -1946.4214, 0],
		[100, "PAD52", "B", 1286.4214, -1946.4214, 0],
		[101, "PAD53", "T", 1215.7107, -1875.7107, 0],
		[102, "PAD53", "B", 1215.7107, -1875.7107, 0],
		[103, "PAD54", "T", 1739.66, -1195, 0],
		[104, "PAD55", "T", 1680.34, -1195, 0],
		[105, "PAD56", "T", 70.4, -785, 0],
		[106, "PAD56", "B", 70.4, -785, 0],
		[107, "PAD57", "T", 320.4, -785, 0],
		[108, "PAD57", "B", 320.4, -785, 0],
		[109, "PAD58", "T", 369.6, -1385, 0],
		[110, "PAD58", "B", 369.6, -1385, 0],
		[111, "PAD59", "T", 70.4, -1385, 0],
		[112, "PAD59", "B", 70.4, -1385, 0],
		[113, "PAD60", "T", 1704.996, -926.692, 0],
		[114, "PAD61", "T", 1704.996, -1013.312, 0],
		[115, "PAD62", "T", 645.25, -975, 0],
		[116, "PAD63", "T", 794.75, -975, 0],
		[117, "PAD64", "T", 530, -952.44, 0],
		[118, "PAD65", "T", 530, -1007.56, 0],
		[119, "PAD66", "T", 955.25, -765, 0],
		[120, "PAD67", "T", 1104.75, -765, 0],
		[121, "PAD68", "T", 920, -947.44, 0],
		[122, "PAD69", "T", 920, -1002.56, 0],
		[123, "PAD70", "T", 716.605, -735.945, 0],
		[124, "PAD71", "T", 716.605, -854.055, 0],
		[125, "PAD72", "T", 823.395, -794.995, 0],
		[126, "PAD73", "B", 800.67, -940, 0],
		[127, "PAD74", "B", 549.33, -940, 0]
	]
},
"pins": {
	"fields": ["PIN_NO", "PIN_NAME", "PIN_X", "PIN_Y", "LAYER", "PIN_TYPE", "NET_NAME", "NET_TYPE", "PAD_SHAPE", "PAD_SIZEX", "PAD_SIZEY", "HOLE_SIZE", "HOLE_LEN", "PAD_ANGLE"],
	"rows": [
		[1, "AC_DC_1", 780.8, -361.77, "T", "SMD", "N", "", "R", 110.236, 59.055, 0, 0, 0],
		[2, "AC_DC_1", 780.79, -208.232, "T", "SMD", "N", "", "R", 110.236, 59.055, 0, 0, 0],
		[3, "AC_DC_2", 1005.21, -361.77, "T", "SMD", "L", "", "R", 110.236, 59.055, 0, 0, 0],
		[4, "AC_DC_2", 1005.2, -208.232, "T", "SMD", "L", "", "R", 110.236, 59.055, 0, 0, 0],
		[5, "AC_DC_3", 1497.33, -361.77, "T", "SMD", "+5V", "", "R", 86.614, 59.055, 0, 0, 0],
		[6, "AC_DC_3", 1497.33, -208.23, "T", "SMD", "+5V", "", "R", 86.614, 59.055, 0, 0, 0],
		[7, "AC_DC_4", 1629.21, -361.77, "T", "SMD", "GND", "GND", "R", 86.614, 59.055, 0, 0, 0],
		[8, "AC_DC_4", 1629.21, -208.23, "T", "SMD", "GND", "GND", "R", 86.614, 59.055, 0, 0, 0],
		[9, "C1_1", 645.25, -975, "T", "SMD", "VCC", "", "R", 74.803, 93.543, 0, 0, 180],
		[10, "C1_2", 794.75, -975, "T", "SMD", "GND", "GND", "R", 74.803, 93.543, 0, 0, 180],
		[11, "C2_1", 530, -1007.56, "T", "SMD", "GND", "GND", "R", 31.496, 35.433, 0, 0, 90],
		[12, "C2_2", 530, -952.44, "T", "SMD", "VCC", "", "R", 31.496, 35.433, 0, 0, 90],
		[13, "C3_1", 955.25, -765, "T", "SMD", "+5V", "", "R", 74.803, 93.543, 0, 0, 180],
		[14, "C3_2", 1104.75, -765, "T", "SMD", "GND", "GND", "R", 74.803, 93.543, 0, 0, 180],
		[15, "C4_1", 920, -1002.56, "T", "SMD", "GND", "GND", "R", 31.496, 35.433, 0, 0, 90],
		[16, "C4_2", 920, -947.44, "T", "SMD", "+5V", "", "R", 31.496, 35.433, 0, 0, 90],
		[17, "D1_1", 375, -1731, "B", "SMD", "+5V", "", "R", 80.566, 63.78, 0, 0, 90],
		[18, "D1_2", 375, -1529, "B", "SMD", "$1N4839", "", "R", 80.566, 63.78, 0, 0, 90],
		[19, "DC1_1", 716.605, -735.945, "T", "SMD", "GND", "GND", "R", 62.008, 26.457, 0, 0, 180],
		[20, "DC1_2", 823.395, -794.995, "T", "SMD", "+5V", "", "P", 211.685, 74.804, 0, 0, 180],
		[21, "DC1_3", 716.605, -854.055, "T", "SMD", "VCC", "", "R", 62.008, 26.457, 0, 0, 180],
		[22, "F1_1", 800.67, -940, "B", "SMD", "L_IN", "", "R", 166.929, 150, 0, 0, 180],
		[23, "F1_2", 549.33, -940, "B", "SMD", "L", "", "R", 166.929, 150, 0, 0, 180],
		[24, "J1_1", 735, -1890, "T", "DIP", "GPIO_RELAY", "", "R", 66.929, 66.929, 43.308, 43.308, 180],
		[25, "J1_1", 735, -1890, "B", "DIP", "GPIO_RELAY", "", "R", 66.929, 66.929, 43.308, 43.308, 180],
		[26, "J1_2", 635, -1890, "T", "DIP", "RELAY", "", "C", 66.929, 66.929, 43.308, 43.308, 180],
		[27, "J1_2", 635, -1890, "B", "DIP", "RELAY", "", "C", 66.929, 66.929, 43.308, 43.308, 180],
		[28, "J1_3", 535, -1890, "T", "DIP", "NET_1", "", "C", 66.929, 66.929, 43.308, 43.308, 180],
		[29, "J1_3", 535, -1890, "B", "DIP", "NET_1", "", "C", 66.929, 66.929, 43.308, 43.308, 180],
		[30, "K1_1", 70.4, -1385, "T", "DIP", "+5V", "", "C", 78.74, 78.74, 43.308, 43.308, 90],
		[31, "K1_1", 70.4, -1385, "B", "DIP", "+5V", "", "C", 78.74, 78.74, 43.308, 43.308, 90],
		[32, "K1_2", 369.6, -1385, "T", "DIP", "$1N4839", "", "C", 78.74, 78.74, 43.308, 43.308, 90],
		[33, "K1_2", 369.6, -1385, "B", "DIP", "$1N4839", "", "C", 78.74, 78.74, 43.308, 43.308, 90],
		[34, "K1_3", 320.4, -785, "T", "DIP", "L", "", "C", 90.551, 90.551, 55.12, 55.12, 90],
		[35, "K1_3", 320.4, -785, "B", "DIP", "L", "", "C", 90.551, 90.551, 55.12, 55.12, 90],
		[36, "K1_4", 70.4, -785, "T", "DIP", "LOAD", "", "C", 90.551, 90.551, 55.12, 55.12, 90],
		[37, "K1_4", 70.4, -785, "B", "DIP", "LOAD", "", "C", 90.551, 90.551, 55.12, 55.12, 90],
		[38, "LED1_1", 1704.996, -1013.312, "T", "SMD", "GND", "GND", "R", 39.37, 49.213, 0, 0, 270],
		[39, "LED1_2", 1704.996, -926.692, "T", "SMD", "$1N3699", "", "R", 39.37, 49.213, 0, 0, 270],
		[40, "Q1_1", 654.2, -1547.598, "B", "SMD", "$1N2888", "", "R", 27.559, 49.213, 0, 0, 90],
		[41, "Q1_2", 654.2, -1622.398, "B", "SMD", "GND", "GND", "R", 27.559, 49.213, 0, 0, 90],
		[42, "Q1_3", 555.8, -1584.998, "B", "SMD", "$1N4839", "", "R", 27.559, 49.213, 0, 0, 90],
		[43, "R1_1", 1680.34, -1195, "T", "SMD", "LED", "", "R", 31.751, 34.016, 0, 0, 0],
		[44, "R1_2", 1739.66, -1195, "T", "SMD", "$1N3699", "", "R", 31.751, 34.016, 0, 0, 0],
		[45, "R2_1", 759.66, -1720, "B", "SMD", "RELAY", "", "R", 31.751, 34.016, 0, 0, 180],
		[46, "R2_2", 700.34, -1720, "B", "SMD", "$1N2888", "", "R", 31.751, 34.016, 0, 0, 180],
		[47, "R3_1", 755, -1614.66, "B", "SMD", "GND", "GND", "R", 31.751, 34.016, 0, 0, 90],
		[48, "R3_2", 755, -1555.34, "B", "SMD", "$1N2888", "", "R", 31.751, 34.016, 0, 0, 90],
		[49, "U1_1", 445, -606.848, "T", "DIP", "L_IN", "", "C", 94.488, 94.488, 62.992, 62.992, 90],
		[50, "U1_1", 445, -606.848, "B", "DIP", "L_IN", "", "C", 94.488, 94.488, 62.992, 62.992, 90],
		[51, "U1_2", 445, -409.998, "T", "DIP", "N", "", "C", 94.488, 94.488, 62.992, 62.992, 90],
		[52, "U1_2", 445, -409.998, "B", "DIP", "N", "", "C", 94.488, 94.488, 62.992, 62.992, 90],
		[53, "U1_3", 445, -213.152, "T", "DIP", "LOAD", "", "C", 94.488, 94.488, 62.992, 62.992, 90],
		[54, "U1_3", 445, -213.152, "B", "DIP", "LOAD", "", "C", 94.488, 94.488, 62.992, 62.992, 90],
		[55, "U2_1", 1840, -1610, "B", "SMD", "NET_2", "", "R", 82.76, 70.94, 0, 0, 90],
		[56, "U2_2", 1740, -1610, "B", "SMD", "NET_3", "", "R", 82.76, 70.94, 0, 0, 90],
		[57, "U2_3", 1640, -1610, "B", "SMD", "NET_4", "", "R", 82.76, 70.94, 0, 0, 90],
		[58, "U2_4", 1540, -1610, "B", "SMD", "SDA", "", "R", 82.76, 70.944, 0, 0, 90],
		[59, "U2_5", 1440, -1610, "B", "SMD", "SCL", "", "R", 82.76, 70.944, 0, 0, 90],
		[60, "U2_6", 1340, -1610, "B", "SMD", "GPIO_RELAY", "", "R", 82.76, 70.944, 0, 0, 90],
		[61, "U2_7", 1240, -1610, "B", "SMD", "RX", "", "R", 82.76, 70.944, 0, 0, 90],
		[62, "U2_8", 1140, -1610, "B", "SMD", "TX", "", "R", 82.76, 70.944, 0, 0, 90],
		[63, "U2_9", 1140, -980, "B", "SMD", "NET_5", "", "R", 82.76, 70.944, 0, 0, 90],
		[64, "U2_10", 1240, -980, "B", "SMD", "LED", "", "R", 82.76, 70.944, 0, 0, 90],
		[65, "U2_11", 1340, -980, "B", "SMD", "NET_6", "", "R", 82.76, 70.944, 0, 0, 90],
		[66, "U2_12", 1440, -980, "B", "SMD", "NET_7", "", "R", 82.76, 70.944, 0, 0, 90],
		[67, "U2_13", 1540, -980, "B", "SMD", "NET_8", "", "R", 82.76, 70.944, 0, 0, 90],
		[68, "U2_14", 1640, -980, "B", "SMD", "NET_9", "", "R", 82.76, 70.94, 0, 0, 90],
		[69, "U2_15", 1740, -980, "B", "SMD", "GND", "GND", "R", 82.76, 70.94, 0, 0, 90],
		[70, "U2_16", 1840, -980, "B", "SMD", "+5V", "", "R", 82.76, 70.94, 0, 0, 90],
		[71, "U3_1", 668.5794, -1178.5794, "T", "DIP", "VCC", "", "R", 70.866, 70.866, 43.308, 43.308, 225],
		[72, "U3_1", 668.5794, -1178.5794, "B", "DIP", "VCC", "", "R", 70.866, 70.866, 43.308, 43.308, 225],
		[73, "U3_2", 739.29, -1249.29, "T", "DIP", "GND", "GND", "C", 70.866, 70.866, 43.308, 43.308, 225],
		[74, "U3_2", 739.29, -1249.29, "B", "DIP", "GND", "GND", "C", 70.866, 70.866, 43.308, 43.308, 225],
		[75, "U3_3", 810.0007, -1320.0007, "T", "DIP", "RX", "", "C", 70.866, 70.866, 43.308, 43.308, 225],
		[76, "U3_3", 810.0007, -1320.0007, "B", "DIP", "RX", "", "C", 70.866, 70.866, 43.308, 43.308, 225],
		[77, "U3_4", 880.7114, -1390.7114, "T", "DIP", "TX", "", "C", 70.866, 70.866, 43.308, 43.308, 225],
		[78, "U3_4", 880.7114, -1390.7114, "B", "DIP", "TX", "", "C", 70.866, 70.866, 43.308, 43.308, 225],
		[79, "U3_5", 951.4221, -1461.4221, "T", "DIP", "NET_1", "", "C", 70.866, 70.866, 43.308, 43.308, 225],
		[80, "U3_5", 951.4221, -1461.4221, "B", "DIP", "NET_1", "", "C", 70.866, 70.866, 43.308, 43.308, 225],
		[81, "U4_1", 265.003, -890.003, "T", "DIP", "NET_1", "", "O", 35.433, 47.244, 23.622, 23.622, 90],
		[82, "U4_1", 265.003, -890.003, "B", "DIP", "NET_1", "", "O", 35.433, 47.244, 23.622, 23.622, 90],
		[83, "U4_2", 265.003, -940.003, "T", "DIP", "RX", "", "O", 35.433, 47.244, 23.622, 23.622, 90],
		[84, "U4_2", 265.003, -940.003, "B", "DIP", "RX", "", "O", 35.433, 47.244, 23.622, 23.622, 90],
		[85, "U4_3", 265.003, -990.003, "T", "DIP", "TX", "", "O", 35.433, 47.244, 23.622, 23.622, 90],
		[86, "U4_3", 265.003, -990.003, "B", "DIP", "TX", "", "O", 35.433, 47.244, 23.622, 23.622, 90],
		[87, "U4_4", 265.003, -1040.003, "T", "DIP", "GND", "GND", "O", 35.433, 47.244, 23.622, 23.622, 90],
		[88, "U4_4", 265.003, -1040.003, "B", "DIP", "GND", "GND", "O", 35.433, 47.244, 23.622, 23.622, 90],
		[89, "U4_5", 265.003, -1090.003, "T", "DIP", "+5V", "", "R", 35.433, 47.244, 23.622, 23.622, 90],
		[90, "U4_5", 265.003, -1090.003, "B", "DIP", "+5V", "", "R", 35.433, 47.244, 23.622, 23.622, 90],
		[91, "U5_1", 1870, -580, "T", "DIP", "RX", "", "R", 59.055, 59.055, 39.37, 39.37, 270],
		[92, "U5_1", 1870, -580, "B", "DIP", "RX", "", "R", 59.055, 59.055, 39.37, 39.37, 270],
		[93, "U5_2", 1870, -680, "T", "DIP", "TX", "", "C", 59.055, 59.055, 39.37, 39.37, 270],
		[94, "U5_2", 1870, -680, "B", "DIP", "TX", "", "C", 59.055, 59.055, 39.37, 39.37, 270],
		[95, "U5_3", 1870, -780, "T", "DIP", "GND", "GND", "C", 59.055, 59.055, 39.37, 39.37, 270],
		[96, "U5_3", 1870, -780, "B", "DIP", "GND", "GND", "C", 59.055, 59.055, 39.37, 39.37, 270],
		[97, "U6_1", 1286.4214, -1946.4214, "T", "DIP", "+5V", "", "R", 62.992, 62.992, 39.37, 39.37, 315],
		[98, "U6_1", 1286.4214, -1946.4214, "B", "DIP", "+5V", "", "R", 62.992, 62.992, 39.37, 39.37, 315],
		[99, "U6_2", 1215.7107, -1875.7107, "T", "DIP", "GND", "GND", "C", 62.992, 62.992, 39.37, 39.37, 315],
		[100, "U6_2", 1215.7107, -1875.7107, "B", "DIP", "GND", "GND", "C", 62.992, 62.992, 39.37, 39.37, 315],
		[101, "U6_3", 1145, -1805, "T", "DIP", "SCL", "", "C", 62.992, 62.992, 39.37, 39.37, 135],
		[102, "U6_3", 1145, -1805, "B", "DIP", "SCL", "", "C", 62.992, 62.992, 39.37, 39.37, 135],
		[103, "U6_4", 1074.2893, -1734.2893, "T", "DIP", "SDA", "", "C", 62.992, 62.992, 39.37, 39.37, 135],
		[104, "U6_4", 1074.2893, -1734.2893, "B", "DIP", "SDA", "", "C", 62.992, 62.992, 39.37, 39.37, 135],
		[105, "U6_5", 1003.5786, -1663.5786, "T", "DIP", "NET_10", "", "C", 62.992, 62.992, 39.37, 39.37, 135],
		[106, "U6_5", 1003.5786, -1663.5786, "B", "DIP", "NET_10", "", "C", 62.992, 62.992, 39.37, 39.37, 135],
		[107, "PAD1_1", 1495, -465, "T", "DIP", "+5V", "", "C", 59.0551, 59.0551, 39.3701, 39.3701, 0],
		[108, "PAD1_1", 1495, -465, "B", "DIP", "+5V", "", "C", 59.0551, 59.0551, 39.3701, 39.3701, 0],
		[109, "PAD2_1", 1640, -465, "T", "DIP", "GND", "GND", "C", 59.0551, 59.0551, 39.3701, 39.3701, 0],
		[110, "PAD2_1", 1640, -465, "B", "DIP", "GND", "GND", "C", 59.0551, 59.0551, 39.3701, 39.3701, 0],
		[111, "PAD3_1", 695, -120, "T", "DIP", "N", "", "C", 78.7402, 78.7402, 59.0551, 59.0551, 0],
		[112, "PAD3_1", 695, -120, "B", "DIP", "N", "", "C", 78.7402, 78.7402, 59.0551, 59.0551, 0],
		[113, "PAD4_1", 1510, -750, "T", "DIP", "+5V", "", "C", 59.0551, 59.0551, 39.3701, 39.3701, 0],
		[114, "PAD4_1", 1510, -750, "B", "DIP", "+5V", "", "C", 59.0551, 59.0551, 39.3701, 39.3701, 0],
		[115, "PAD5_1", 1980, -980, "T", "DIP", "+5V", "", "C", 59.0551, 59.0551, 39.3701, 39.3701, 0],
		[116, "PAD5_1", 1980, -980, "B", "DIP", "+5V", "", "C", 59.0551, 59.0551, 39.3701, 39.3701, 0],
		[117, "PAD6_5", 265.003, -1090.003, "T", "DIP", "+5V", "", "R", 35.433, 47.244, 23.622, 23.622, 90],
		[118, "PAD6_5", 265.003, -1090.003, "B", "DIP", "+5V", "", "R", 35.433, 47.244, 23.622, 23.622, 90],
		[119, "PAD7_4", 265.003, -1040.003, "T", "DIP", "GND", "GND", "O", 35.433, 47.244, 23.622, 23.622, 90],
		[120, "PAD7_4", 265.003, -1040.003, "B", "DIP", "GND", "GND", "O", 35.433, 47.244, 23.622, 23.622, 90],
		[121, "PAD8_3", 265.003, -990.003, "T", "DIP", "TX", "", "O", 35.433, 47.244, 23.622, 23.622, 90],
		[122, "PAD8_3", 265.003, -990.003, "B", "DIP", "TX", "", "O", 35.433, 47.244, 23.622, 23.622, 90],
		[123, "PAD9_2", 265.003, -940.003, "T", "DIP", "RX", "", "O", 35.433, 47.244, 23.622, 23.622, 90],
		[124, "PAD9_2", 265.003, -940.003, "B", "DIP", "RX", "", "O", 35.433, 47.244, 23.622, 23.622, 90],
		[125, "PAD10_1", 265.003, -890.003, "T", "DIP", "NET_1", "", "O", 35.433, 47.244, 23.622, 23.622, 90],
		[126, "PAD10_1", 265.003, -890.003, "B", "DIP", "NET_1", "", "O", 35.433, 47.244, 23.622, 23.622, 90],
		[127, "PAD11_1", 1870, -580, "T", "DIP", "RX", "", "R", 59.055, 59.055, 39.37, 39.37, 270],
		[128, "PAD11_1", 1870, -580, "B", "DIP", "RX", "", "R", 59.055, 59.055, 39.37, 39.37, 270],
		[129, "PAD12_2", 1870, -680, "T", "DIP", "TX", "", "C", 59.055, 59.055, 39.37, 39.37, 270],
		[130, "PAD12_2", 1870, -680, "B", "DIP", "TX", "", "C", 59.055, 59.055, 39.37, 39.37, 270],
		[131, "PAD13_3", 1870, -780, "T", "DIP", "GND", "GND", "C", 59.055, 59.055, 39.37, 39.37, 270],
		[132, "PAD13_3", 1870, -780, "B", "DIP", "GND", "GND", "C", 59.055, 59.055, 39.37, 39.37, 270],
		[133, "PAD14_4", 1629.21, -361.77, "T", "SMD", "GND", "GND", "R", 86.614, 59.055, 0, 0, 0],
		[134, "PAD15_3", 1497.33, -361.77, "T", "SMD", "+5V", "", "R", 86.614, 59.055, 0, 0, 0],
		[135, "PAD16_3", 1497.33, -208.23, "T", "SMD", "+5V", "", "R", 86.614, 59.055, 0, 0, 0],
		[136, "PAD17_4", 1629.21, -208.23, "T", "SMD", "GND", "GND", "R", 86.614, 59.055, 0, 0, 0],
		[137, "PAD18_1", 780.8, -361.77, "T", "SMD", "N", "", "R", 110.236, 59.055, 0, 0, 0],
		[138, "PAD19_1", 780.79, -208.232, "T", "SMD", "N", "", "R", 110.236, 59.055, 0, 0, 0],
		[139, "PAD20_2", 1005.21, -361.77, "T", "SMD", "L", "", "R", 110.236, 59.055, 0, 0, 0],
		[140, "PAD21_2", 1005.2, -208.232, "T", "SMD", "L", "", "R", 110.236, 59.055, 0, 0, 0],
		[141, "PAD22_1", 668.5794, -1178.5794, "T", "DIP", "VCC", "", "R", 70.866, 70.866, 43.308, 43.308, 225],
		[142, "PAD22_1", 668.5794, -1178.5794, "B", "DIP", "VCC", "", "R", 70.866, 70.866, 43.308, 43.308, 225],
		[143, "PAD23_2", 739.29, -1249.29, "T", "DIP", "GND", "GND", "C", 70.866, 70.866, 43.308, 43.308, 225],
		[144, "PAD23_2", 739.29, -1249.29, "B", "DIP", "GND", "GND", "C", 70.866, 70.866, 43.308, 43.308, 225],
		[145, "PAD24_3", 810.0007, -1320.0007, "T", "DIP", "RX", "", "C", 70.866, 70.866, 43.308, 43.308, 225],
		[146, "PAD24_3", 810.0007, -1320.0007, "B", "DIP", "RX", "", "C", 70.866, 70.866, 43.308, 43.308, 225],
		[147, "PAD25_4", 880.7114, -1390.7114, "T", "DIP", "TX", "", "C", 70.866, 70.866, 43.308, 43.308, 225],
		[148, "PAD25_4", 880.7114, -1390.7114, "B", "DIP", "TX", "", "C", 70.866, 70.866, 43.308, 43.308, 225],
		[149, "PAD26_5", 951.4221, -1461.4221, "T", "DIP", "NET_1", "", "C", 70.866, 70.866, 43.308, 43.308, 225],
		[150, "PAD26_5", 951.4221, -1461.4221, "B", "DIP", "NET_1", "", "C", 70.866, 70.866, 43.308, 43.308, 225],
		[151, "PAD27_1", 445, -606.848, "T", "DIP", "L_IN", "", "C", 94.488, 94.488, 62.992, 62.992, 90],
		[152, "PAD27_1", 445, -606.848, "B", "DIP", "L_IN", "", "C", 94.488, 94.488, 62.992, 62.992, 90],
		[153, "PAD28_2", 445, -409.998, "T", "DIP", "N", "", "C", 94.488, 94.488, 62.992, 62.992, 90],
		[154, "PAD28_2", 445, -409.998, "B", "DIP", "N", "", "C", 94.488, 94.488, 62.992, 62.992, 90],
		[155, "PAD29_3", 445, -213.152, "T", "DIP", "LOAD", "", "C", 94.488, 94.488, 62.992, 62.992, 90],
		[156, "PAD29_3", 445, -213.152, "B", "DIP", "LOAD", "", "C", 94.488, 94.488, 62.992, 62.992, 90],
		[157, "PAD30_4", 1540, -1610, "B", "SMD", "SDA", "", "R", 82.76, 70.944, 0, 0, 90],
		[158, "PAD31_5", 1440, -1610, "B", "SMD", "SCL", "", "R", 82.76, 70.944, 0, 0, 90],
		[159, "PAD32_6", 1340, -1610, "B", "SMD", "GPIO_RELAY", "", "R", 82.76, 70.944, 0, 0, 90],
		[160, "PAD33_7", 1240, -1610, "B", "SMD", "RX", "", "R", 82.76, 70.944, 0, 0, 90],
		[161, "PAD34_8", 1140, -1610, "B", "SMD", "TX", "", "R", 82.76, 70.944, 0, 0, 90],
		[162, "PAD35_10", 1240, -980, "B", "SMD", "LED", "", "R", 82.76, 70.944, 0, 0, 90],
		[163, "PAD36_15", 1740, -980, "B", "SMD", "GND", "GND", "R", 82.76, 70.94, 0, 0, 90],
		[164, "PAD37_16", 1840, -980, "B", "SMD", "+5V", "", "R", 82.76, 70.94, 0, 0, 90],
		[165, "PAD38_2", 375, -1529, "B", "SMD", "$1N4839", "", "R", 80.566, 63.78, 0, 0, 90],
		[166, "PAD39_1", 375, -1731, "B", "SMD", "+5V", "", "R", 80.566, 63.78, 0, 0, 90],
		[167, "PAD40_3", 555.8, -1584.998, "B", "SMD", "$1N4839", "", "R", 27.559, 49.213, 0, 0, 90],
		[168, "PAD41_2", 654.2, -1622.398, "B", "SMD", "GND", "GND", "R", 27.559, 49.213, 0, 0, 90],
		[169, "PAD42_1", 654.2, -1547.598, "B", "SMD", "$1N2888", "", "R", 27.559, 49.213, 0, 0, 90],
		[170, "PAD43_2", 755, -1555.34, "B", "SMD", "$1N2888", "", "R", 31.751, 34.016, 0, 0, 90],
		[171, "PAD44_1", 755, -1614.66, "B", "SMD", "GND", "GND", "R", 31.751, 34.016, 0, 0, 90],
		[172, "PAD45_1", 735, -1890, "T", "DIP", "GPIO_RELAY", "", "R", 66.929, 66.929, 43.308, 43.308, 180],
		[173, "PAD45_1", 735, -1890, "B", "DIP", "GPIO_RELAY", "", "R", 66.929, 66.929, 43.308, 43.308, 180],
		[174, "PAD46_2", 635, -1890, "T", "DIP", "RELAY", "", "C", 66.929, 66.929, 43.308, 43.308, 180],
		[175, "PAD46_2", 635, -1890, "B", "DIP", "RELAY", "", "C", 66.929, 66.929, 43.308, 43.308, 180],
		[176, "PAD47_3", 535, -1890, "T", "DIP", "NET_1", "", "C", 66.929, 66.929, 43.308, 43.308, 180],
		[177, "PAD47_3", 535, -1890, "B", "DIP", "NET_1", "", "C", 66.929, 66.929, 43.308, 43.308, 180],
		[178, "PAD48_2", 700.34, -1720, "B", "SMD", "$1N2888", "", "R", 31.751, 34.016, 0, 0, 180],
		[179, "PAD49_1", 759.66, -1720, "B", "SMD", "RELAY", "", "R", 31.751, 34.016, 0, 0, 180],
		[180, "PAD50_3", 1145, -1805, "T", "DIP", "SCL", "", "C", 62.992, 62.992, 39.37, 39.37, 135],
		[181, "PAD50_3", 1145, -1805, "B", "DIP", "SCL", "", "C", 62.992, 62.992, 39.37, 39.37, 135],
		[182, "PAD51_4", 1074.2893, -1734.2893, "T", "DIP", "SDA", "", "C", 62.992, 62.992, 39.37, 39.37, 135],
		[183, "PAD51_4", 1074.2893, -1734.2893, "B", "DIP", "SDA", "", "C", 62.992, 62.992, 39.37, 39.37, 135],
		[184, "PAD52_1", 1286.4214, -1946.4214, "T", "DIP", "+5V", "", "R", 62.992, 62.992, 39.37, 39.37, 315],
		[185, "PAD52_1", 1286.4214, -1946.4214, "B", "DIP", "+5V", "", "R", 62.992, 62.992, 39.37, 39.37, 315],
		[186, "PAD53_2", 1215.7107, -1875.7107, "T", "DIP", "GND", "GND", "C", 62.992, 62.992, 39.37, 39.37, 315],
		[187, "PAD53_2", 1215.7107, -1875.7107, "B", "DIP", "GND", "GND", "C", 62.992, 62.992, 39.37, 39.37, 315],
		[188, "PAD54_2", 1739.66, -1195, "T", "SMD", "$1N3699", "", "R", 31.751, 34.016, 0, 0, 0],
		[189, "PAD55_1", 1680.34, -1195, "T", "SMD", "LED", "", "R", 31.751, 34.016, 0, 0, 0],
		[190, "PAD56_4", 70.4, -785, "T", "DIP", "LOAD", "", "C", 90.551, 90.551, 55.12, 55.12, 90],
		[191, "PAD56_4", 70.4, -785, "B", "DIP", "LOAD", "", "C", 90.551, 90.551, 55.12, 55.12, 90],
		[192, "PAD57_3", 320.4, -785, "T", "DIP", "L", "", "C", 90.551, 90.551, 55.12, 55.12, 90],
		[193, "PAD57_3", 320.4, -785, "B", "DIP", "L", "", "C", 90.551, 90.551, 55.12, 55.12, 90],
		[194, "PAD58_2", 369.6, -1385, "T", "DIP", "$1N4839", "", "C", 78.74, 78.74, 43.308, 43.308, 90],
		[195, "PAD58_2", 369.6, -1385, "B", "DIP", "$1N4839", "", "C", 78.74, 78.74, 43.308, 43.308, 90],
		[196, "PAD59_1", 70.4, -1385, "T", "DIP", "+5V", "", "C", 78.74, 78.74, 43.308, 43.308, 90],
		[197, "PAD59_1", 70.4, -1385, "B", "DIP", "+5V", "", "C", 78.74, 78.74, 43.308, 43.308, 90],
		[198, "PAD60_2", 1704.996, -926.692, "T", "SMD", "$1N3699", "", "R", 39.37, 49.213, 0, 0, 270],
		[199, "PAD61_1", 1704.996, -1013.312, "T", "SMD", "GND", "GND", "R", 39.37, 49.213, 0, 0, 270],
		[200, "PAD62_1", 645.25, -975, "T", "SMD", "VCC", "", "R", 74.803, 93.543, 0, 0, 180],
		[201, "PAD63_2", 794.75, -975, "T", "SMD", "GND", "GND", "R", 74.803, 93.543, 0, 0, 180],
		[202, "PAD64_2", 530, -952.44, "T", "SMD", "VCC", "", "R", 31.496, 35.433, 0, 0, 90],
		[203, "PAD65_1", 530, -1007.56, "T", "SMD", "GND", "GND", "R", 31.496, 35.433, 0, 0, 90],
		[204, "PAD66_1", 955.25, -765, "T", "SMD", "+5V", "", "R", 74.803, 93.543, 0, 0, 180],
		[205, "PAD67_2", 1104.75, -765, "T", "SMD", "GND", "GND", "R", 74.803, 93.543, 0, 0, 180],
		[206, "PAD68_2", 920, -947.44, "T", "SMD", "+5V", "", "R", 31.496, 35.433, 0, 0, 90],
		[207, "PAD69_1", 920, -1002.56, "T", "SMD", "GND", "GND", "R", 31.496, 35.433, 0, 0, 90],
		[208, "PAD70_1", 716.605, -735.945, "T", "SMD", "GND", "GND", "R", 62.008, 26.457, 0, 0, 180],
		[209, "PAD71_3", 716.605, -854.055, "T", "SMD", "VCC", "", "R", 62.008, 26.457, 0, 0, 180],
		[210, "PAD72_2", 823.395, -794.995, "T", "SMD", "+5V", "", "P", 211.685, 74.804, 0, 0, 180],
		[211, "PAD73_1", 800.67, -940, "B", "SMD", "L_IN", "", "R", 166.929, 150, 0, 0, 180],
		[212, "PAD74_2", 549.33, -940, "B", "SMD", "L", "", "R", 166.929, 150, 0, 0, 180]
	]
}
}